Working_Group,RFC_Match_Count,Matched_RFC_IDs
wrec,1,3040
ipr,4,"4748,4879,5377,5378"
poised95,4,"2026,2027,2028,2031"
cat,10,"1507,1508,1510,2025,2078,2479,2743,2744,2847,2853"
speermint,6,"5344,5486,6271,6404,6405,6406"
acme,6,"8555,8657,8737,8738,8739,8823"
snmpv3,15,"2261,2262,2263,2264,2265,2571,2572,2573,2574,2575,3411,3412,3413,3414,3415"
httpstate,1,6265
msec,16,"3547,3740,3830,4046,4082,4359,4534,4535,4563,4650,4738,5197,5374,5776,6054,6407"
lager,1,7940
cellar,1,8794
pint,1,2848
problem,1,3774
spirits,1,3298
sipclf,2,"6872,6873"
diffserv,4,"2474,3086,3289,3290"
pppext,5,"1334,1994,2661,2716,3336"
idwg,3,"4765,4766,4767"
i2rs,12,"7920,7921,7922,7923,8241,8242,8345,8346,8430,8431,8542,8944"
eppext,2,"7451,7848"
sigtran,3,"2719,3788,5133"
ftpext,2,"2577,3659"
ipcdn,5,"4131,4639,4682,5098,5428"
core,16,"6690,7252,7390,7641,7959,8075,8132,8323,8428,8516,8613,8710,8768,8790,8798,8974"
bier,5,"8279,8296,8401,8444,8556"
find,3,"2651,2652,2654"
tcpinc,2,"8547,8548"
anima,8,"8366,8368,8990,8991,8992,8993,8994,8995"
eman,7,"6933,6988,7326,7460,7461,7577,7603"
ipo,1,3717
softwire,33,"4925,5512,5543,5549,5565,5566,5571,5619,5640,5969,6333,6334,6519,6674,6908,6930,7040,7596,7597,7598,7599,7600,7856,7870,8026,8114,8115,8389,8513,8638,8658,8675,8676"
dnssd,5,"7558,8222,8765,8766,8882"
pcp,11,"6887,6970,7220,7225,7291,7488,7648,7652,7723,7753,7843"
nat,4,"2663,2709,3027,3105"
netlmm,8,"4830,4831,4832,5213,5844,5845,5847,6097"
smime,31,"2630,2632,2633,2634,2785,2984,3114,3125,3126,3183,3274,3369,3850,3851,3852,4853,5035,5083,5084,5126,5275,5408,5409,5652,5750,5751,5752,5753,5754,5911,5990"
IESG,2,"2964,7720"
sipcore,30,"5839,6026,6086,6141,6216,6223,6228,6442,6446,6665,6809,6878,7044,7118,7131,7134,7614,7621,7647,7984,8197,8217,8262,8498,8599,8606,8688,8760,8787,8898"
ltru,2,"5645,5646"
multimob,6,"6224,6636,7028,7161,7287,7411"
provreg,1,3734
bess,26,"7441,7543,7582,7611,7716,7734,7740,7814,7899,7900,7902,7988,8214,8317,8365,8388,8395,8502,8503,8534,8560,8584,8614,8950,9014,9026"
salud,1,7462
imapapnd,2,"7888,7889"
nntpext,1,3977
cbor,5,"8610,8742,8746,8943,8949"
6lo,15,"7388,7400,7428,7668,7973,8025,8065,8066,8105,8163,8505,8928,8929,8930,8931"
mipshop,15,"4068,4140,4866,5164,5268,5269,5270,5271,5380,5568,5677,5678,5679,5949,6058"
dime,30,"5447,5624,5719,5729,5777,5778,5779,5866,6408,6733,6734,6735,6736,6737,6738,6942,7068,7075,7155,7156,7423,7660,7678,7683,7944,7966,8506,8581,8582,8583"
kitten,21,"4768,5178,5179,5554,5587,5588,5653,6331,6595,6616,6680,7546,7628,7751,7802,8009,8062,8070,8129,8353,8636"
autoconf,1,5889
pilc,2,"3135,3819"
nomcom,1,3777
ecrit,22,"5012,5031,5069,5222,5223,5582,5964,6197,6443,6444,6739,6881,7090,7163,7378,7406,7840,7852,8147,8148,8876,9036"
vcarddav,7,"5689,6350,6351,6352,6473,6474,6715"
storm,10,"6172,6173,6580,6581,7143,7144,7145,7146,7147,7306"
noctools,1,1147
inch,1,5070
hybi,2,"6455,7692"
opsec,14,"4778,5635,6039,6094,6192,6274,7123,7126,7359,7404,7454,7610,7707,8704"
ipatm,1,2022
radius,4,"2138,2548,2809,2868"
rsvp,2,"2205,2747"
alto,9,"5693,6708,7285,7286,7971,8189,8686,8895,8896"
cdni,11,"6707,6770,7336,7337,7736,7937,7975,8006,8007,8008,8804"
avt,49,"3711,3984,4628,4629,4695,4696,4733,4734,4788,4855,4856,4867,4901,5104,5109,5117,5124,5188,5215,5219,5244,5285,5371,5372,5391,5404,5450,5459,5484,5506,5574,5577,5584,5669,5686,5691,5725,5760,5761,5764,5968,5993,6051,6128,6184,6185,6188,6222,6285"
harts,1,2150
dnsop,53,"2870,4472,4641,4697,4892,5358,6168,6303,6304,6305,6781,6841,7344,7477,7534,7535,7583,7646,7686,7706,7719,7766,7793,7816,7828,7871,7873,7901,8020,8027,8078,8109,8145,8198,8244,8482,8490,8499,8501,8509,8552,8553,8618,8624,8749,8767,8806,8901,8906,8914,8945,8976,9018"
detnet,10,"8557,8578,8655,8938,8939,8964,9016,9024,9025,9037"
spring,10,"7855,8354,8355,8402,8403,8660,8661,8670,8986,9020"
dice,1,7925
ianaplan,1,7979
ssh,2,"2196,2504"
bmwg,27,"2647,4814,4883,5180,5695,6201,6412,6413,6414,6645,6815,6894,6985,7501,7502,7640,7654,7747,8161,8172,8204,8219,8238,8239,8455,8456,9004"
megaco,1,2805
karp,6,"6518,6862,6863,6952,7210,7211"
ipwave,1,8691
v6ops,67,"3792,3795,3964,4057,4192,4213,4779,4852,4864,4890,4891,4942,4943,4966,5156,5157,5181,5220,5221,5375,5963,6036,6092,6104,6105,6169,6177,6204,6264,6312,6324,6342,6343,6459,6555,6583,6589,6666,6782,6791,6877,6883,7066,7084,7113,7157,7269,7278,7335,7381,7445,7526,7608,7690,7755,7756,7757,7772,7872,7934,8215,8273,8305,8475,8585,8683,8978"
ipsecme,30,"5685,5723,5739,5840,5879,5930,5996,5998,6027,6071,6290,6311,6989,7018,7296,7321,7383,7427,7619,7634,8019,8031,8221,8229,8247,8420,8598,8750,8784,8983"
extra,10,"8437,8438,8440,8457,8474,8508,8514,8579,8580,8970"
snanau,1,1665
dnsext,38,"2845,2930,3008,3090,3110,3445,3655,3658,3757,3833,4033,4035,4398,4795,4955,4956,4986,5001,5011,5155,5395,5452,5625,5702,5933,5936,5966,6014,6195,6604,6605,6672,6725,6840,6891,6895,6944,6975"
tn3270e,1,2877
magma,2,"5186,5519"
6tisch,7,"7554,8180,8480,9030,9031,9032,9033"
ldapext,2,"2649,2829"
roll,23,"5548,5673,5826,5867,6206,6550,6551,6552,6719,6997,6998,7102,7416,7731,7732,7733,7774,8036,8138,9008,9009,9010,9035"
snmpv2,14,"1441,1442,1448,1449,1450,1451,1901,1902,1903,1904,1905,1906,1907,1908"
ancp,5,"5713,5851,6320,6934,7256"
uswg,1,3160
seamoby,2,"3374,4066"
rpsec,1,4593
hubmib,4,"4836,4837,4878,5066"
rmcat,9,"8298,8382,8593,8698,8699,8836,8867,8868,8869"
appsawg,33,"6365,6452,6522,6647,6648,6657,6694,6729,6838,6839,7001,7033,7103,7239,7293,7303,7320,7352,7372,7377,7386,7396,7410,7505,7565,7578,7595,7601,7763,7764,7807,8089,8098"
pier,1,2072
iasa2,8,"8711,8712,8713,8714,8715,8716,8717,8721"
impp,2,"3859,3860"
json,1,7493
dnsind,1,2181
p2psip,9,"6940,7263,7264,7363,7374,7851,7890,7904,8076"
vrrp,1,5798
eai,18,"4952,5335,5336,5337,5504,5721,5738,5825,5983,6530,6531,6532,6533,6783,6855,6856,6857,6858"
ipfix,28,"3955,5101,5102,5103,5153,5470,5471,5472,5473,5610,5655,5815,5982,6183,6235,6313,6526,6615,6727,6728,7011,7012,7013,7014,7015,7119,7133,7373"
mtgvenue,2,"8718,8719"
tictoc,4,"7384,8039,8173,8575"
mext,11,"5488,5522,5555,5637,5648,5846,6088,6089,6275,6276,6618"
morg,5,"5819,5957,6154,6203,6237"
alertman,1,1224
ngtrans,1,3068
mobileip,4,"2003,2356,2977,3519"
imapext,4,"5255,5256,5257,5258"
aqm,8,"7567,7806,7928,8033,8034,8087,8289,8290"
doh,1,8484
stox,6,"7247,7248,7572,7573,7702,8048"
rps,3,"2725,2726,2769"
imss,5,"4747,4935,4936,4983,5324"
websec,4,"6454,6797,7034,7469"
ledbat,2,"6297,6817"
tokbind,3,"8471,8472,8473"
nsis,16,"4080,4081,4094,4230,5971,5972,5973,5974,5975,5976,5977,5978,5979,5980,5981,6084"
bfd,16,"5880,5881,5882,5883,5884,7130,7330,7331,7419,7726,7880,7881,7882,8562,8563,8971"
mif,4,"6418,6419,6731,7556"
6renum,3,"6866,6879,7010"
weirds,6,"7480,7481,7482,7483,7484,7485"
l2vpn,19,"4664,4761,4762,5501,6074,6136,6246,6575,7041,7080,7117,7152,7209,7257,7309,7361,7387,7432,7436"
pmtud,1,4821
netext,16,"6279,6463,6572,6602,6705,6757,6909,7077,7148,7222,7389,7458,7561,7563,7847,7864"
ice,4,"8421,8445,8838,8863"
urn,1,2276
ident,2,"1413,1414"
jose,9,"7165,7515,7516,7517,7518,7520,7638,7797,8037"
nvo3,7,"7364,7365,8014,8151,8293,8394,8926"
urnbis,2,"8141,8254"
mip6,13,"4225,4449,4640,4877,4882,4977,5026,5094,5096,5142,5419,6610,6611"
bliss,2,"6910,7463"
2000,1,2626
marf,7,"5965,6430,6590,6591,6650,6651,6652"
roamops,1,2607
NON WORKING GROUP,670,"2811,2813,3271,3447,3454,3455,3470,3704,3766,3778,3834,3865,3871,3876,3935,3986,4049,4071,4086,4095,4096,4108,4147,4162,4226,4240,4263,4270,4310,4322,4324,4329,4371,4380,4408,4409,4431,4457,4458,4504,4549,4677,4681,4705,4715,4723,4727,4729,4731,4739,4746,4753,4754,4757,4758,4770,4771,4772,4773,4775,4789,4790,4791,4792,4793,4794,4805,4806,4807,4808,4811,4812,4813,4822,4835,4839,4841,4843,4848,4851,4854,4858,4865,4868,4869,4870,4884,4894,4897,4905,4906,4909,4910,4911,4912,4913,4914,4926,4929,4930,4931,4932,4933,4934,4937,4946,4954,4959,4961,4962,4963,4964,4965,4967,4982,5002,5005,5006,5008,5009,5013,5014,5017,5020,5034,5051,5056,5064,5068,5074,5077,5078,5091,5093,5106,5111,5112,5114,5115,5116,5119,5122,5125,5131,5134,5137,5138,5141,5147,5149,5158,5159,5161,5165,5168,5174,5182,5183,5198,5208,5210,5217,5224,5226,5227,5234,5237,5243,5248,5249,5260,5267,5279,5281,5282,5297,5317,5318,5321,5322,5323,5328,5334,5342,5347,5350,5381,5397,5406,5410,5421,5422,5430,5431,5434,5446,5448,5451,5464,5468,5485,5494,5502,5503,5509,5511,5515,5516,5518,5528,5529,5530,5538,5570,5573,5581,5589,5593,5594,5598,5612,5615,5631,5632,5633,5638,5647,5649,5656,5657,5680,5688,5724,5727,5728,5730,5731,5732,5733,5734,5735,5736,5737,5742,5748,5759,5781,5785,5788,5789,5791,5797,5803,5807,5829,5837,5842,5843,5849,5854,5855,5859,5864,5869,5872,5873,5878,5887,5896,5901,5903,5904,5910,5915,5916,5917,5929,5931,5932,5937,5940,5941,5943,5955,5958,5959,5962,5967,5987,5988,5989,5991,5995,6008,6010,6011,6018,6019,6032,6033,6043,6045,6046,6048,6050,6057,6061,6064,6067,6068,6070,6075,6081,6082,6085,6090,6091,6095,6101,6109,6124,6125,6127,6129,6142,6143,6149,6150,6151,6153,6160,6161,6162,6167,6171,6174,6175,6180,6186,6187,6189,6194,6196,6202,6207,6208,6209,6210,6211,6212,6219,6229,6234,6238,6239,6249,6254,6267,6268,6270,6272,6278,6281,6287,6288,6289,6292,6293,6296,6301,6309,6314,6318,6319,6321,6322,6328,6337,6338,6339,6345,6346,6358,6359,6360,6361,6362,6367,6369,6379,6380,6381,6383,6385,6393,6403,6410,6415,6432,6433,6449,6451,6453,6456,6460,6466,6467,6475,6476,6477,6497,6498,6507,6508,6509,6527,6541,6543,6556,6557,6561,6563,6570,6573,6577,6578,6579,6585,6586,6587,6588,6594,6596,6598,6601,6612,6617,6619,6624,6628,6629,6631,6637,6638,6640,6655,6668,6670,6671,6692,6701,6702,6706,6710,6711,6713,6721,6722,6730,6758,6759,6760,6761,6762,6763,6764,6771,6778,6786,6796,6814,6846,6854,6859,6867,6868,6869,6882,6890,6893,6913,6918,6920,6922,6924,6931,6932,6954,6955,6962,6963,6971,6982,6993,7016,7017,7020,7027,7036,7042,7043,7049,7064,7065,7081,7082,7088,7100,7106,7107,7114,7120,7125,7127,7135,7149,7151,7154,7191,7192,7193,7207,7221,7229,7238,7240,7249,7251,7254,7255,7258,7270,7279,7280,7282,7292,7299,7302,7315,7316,7319,7329,7354,7355,7405,7435,7437,7440,7467,7468,7472,7475,7479,7491,7492,7504,7512,7528,7549,7553,7623,7633,7645,7650,7658,7659,7670,7677,7691,7696,7710,7729,7735,7738,7758,7760,7762,7773,7776,7791,7803,7818,7842,7853,7894,7913,7914,7915,7932,7936,7942,7957,7972,7976,7977,8010,8011,8013,8017,8018,8038,8052,8054,8055,8057,8058,8067,8069,8091,8101,8107,8110,8118,8119,8126,8137,8143,8144,8146,8158,8160,8165,8174,8179,8190,8228,8230,8263,8284,8288,8295,8299,8307,8315,8318,8358,8404,8423,8427,8458,8464,8465,8478,8485,8496,8515,8536,8589,8591,8594,8602,8605,8615,8619,8631,8753,8769,8788,8789,8809,8820,8822,8878,8880,8892,8894,8917,8958,8959,8989"
idn,2,"3490,3491"
xmpp,9,"3920,3921,6120,6121,6122,7395,7622,7711,7712"
ccamp,84,"3945,4208,4257,4726,4736,4783,4801,4802,4803,4872,4873,4874,4920,4972,4974,4990,5063,5073,5145,5146,5150,5151,5152,5212,5298,5316,5339,5392,5420,5467,5493,5495,5553,5787,5814,5817,5818,5828,5852,6001,6002,6003,6004,6005,6060,6107,6163,6205,6344,6373,6387,6510,6566,6689,6777,6780,6825,6827,6898,7062,7074,7096,7138,7139,7260,7369,7446,7487,7579,7580,7581,7688,7689,7698,7699,7792,7892,7963,8330,8363,8432,8561,8625,8632"
rddp,7,"4296,5040,5041,5042,5043,5044,5045"
svrloc,2,"2165,2608"
smtpext,3,"1427,1653,1870"
mpls,134,"3031,3032,3036,3107,3209,4090,4378,4781,4817,4859,4875,4928,4950,5036,5037,5038,5283,5330,5331,5332,5439,5443,5462,5561,5586,5654,5710,5711,5712,5718,5860,5918,5919,5920,5921,5950,5951,5960,6138,6178,6215,6348,6370,6371,6372,6374,6375,6378,6388,6389,6424,6425,6426,6427,6428,6435,6445,6511,6512,6639,6669,6720,6790,6826,6829,6923,6941,6965,6974,7026,7032,7054,7060,7087,7110,7140,7167,7190,7212,7213,7214,7271,7274,7307,7308,7324,7325,7349,7358,7394,7412,7438,7439,7442,7447,7453,7473,7506,7510,7524,7537,7552,7555,7697,7715,7737,7743,7746,7759,7876,8012,8029,8150,8169,8223,8227,8234,8256,8277,8287,8320,8372,8577,8595,8596,8611,8662,8663,8679,8690,8796,8957,8960,9017"
ieprep,3,"3487,4375,4958"
multi6,2,"4177,4218"
kink,2,"3129,4430"
soc,4,"6357,7200,7339,7415"
mile,12,"6545,6546,6684,6685,7203,7495,7970,8134,8274,8322,8600,8727"
dkim,9,"4686,4871,5016,5585,5617,5672,5863,6376,6377"
oauth,22,"6749,6750,6755,6819,7009,7519,7521,7522,7523,7591,7592,7636,7662,7800,8176,8252,8414,8628,8693,8705,8707,8725"
rmt,14,"2887,5052,5053,5170,5401,5445,5510,5651,5740,5775,6330,6584,6726,6968"
radext,22,"4818,4849,5080,5090,5176,5607,5997,6158,6421,6613,6614,6911,6929,7268,7360,7499,7542,7585,7930,8044,8045,8559"
run,2,"2635,3098"
scim,3,"7642,7643,7644"
opsawg,28,"5343,5674,5675,5676,5706,5935,6291,6340,6632,7124,7276,7289,7424,7448,7494,7547,7548,7630,7666,7860,8309,8350,8512,8520,8549,8886,8907,8969"
sip,44,"3261,3263,3313,3323,3325,3428,3515,3840,3892,3893,4244,4412,4474,4483,4485,4538,4780,4916,5079,5360,5365,5366,5367,5368,5373,5393,5411,5478,5479,5621,5626,5627,5630,5658,5763,5767,5768,5875,5922,5923,5924,5954,6072,6794"
http,4,"1945,2068,2227,2616"
armd,1,6820
ntp,10,"5905,5906,5907,5908,7821,7822,8573,8633,8877,8915"
pki4ipsec,2,"4809,4945"
pkix,60,"2459,2510,2511,2527,2528,2559,2560,2587,2797,3029,3039,3161,3280,3281,3379,3628,3647,3709,3739,3779,3820,4043,4059,4158,4210,4325,4386,4387,4476,4683,4985,5019,5055,5272,5273,5274,5280,5480,5636,5697,5755,5756,5758,5816,5877,5912,5913,5914,5934,6024,6025,6170,6277,6402,6664,6712,6818,6844,6960,7030"
adslmib,5,"5650,6765,6766,6767,6768"
intarea,14,"6269,6302,6398,6540,6864,6967,7098,7588,7676,8117,8335,8386,8801,8900"
babel,4,"8965,8966,8967,8968"
mobike,2,"4555,4621"
simple,18,"3856,4825,4826,4827,4975,4976,5025,5196,5261,5262,5263,5264,5438,5874,6135,6714,6914,7701"
Poisson,2,"2282,2727"
mediactrl,9,"5167,5552,5567,6230,6231,6505,6623,6917,7058"
sieve,27,"5173,5228,5229,5230,5231,5232,5233,5235,5293,5429,5435,5436,5437,5463,5490,5703,5784,5804,6009,6131,6132,6133,6134,6468,6558,6609,6785"
btns,3,"5386,5387,5660"
lsr,13,"8476,8491,8500,8510,8570,8666,8667,8687,8706,8770,8918,8919,8920"
sipbrandy,2,"8643,8862"
lime,3,"8531,8532,8533"
xrblock,19,"6776,6798,6843,6958,6990,7002,7003,7004,7005,7097,7243,7244,7266,7294,7380,7509,7867,8015,8451"
xcon,7,"4582,5018,5239,6501,6502,6503,6504"
crisp,5,"3983,4991,4992,4993,5144"
slim,2,"8255,8373"
tewg,1,4216
tzdist,2,"7808,7809"
xmldsig,4,"2807,3075,3275,3653"
ediint,3,"3335,4130,4823"
openpgp,2,"2440,4880"
repute,4,"7070,7071,7072,7073"
siprec,5,"6341,7245,7865,7866,8068"
pce,57,"4674,4927,5088,5089,5376,5394,5440,5441,5455,5520,5521,5541,5557,5623,5671,5862,5886,6006,6007,6123,6457,6805,7025,7150,7334,7399,7420,7449,7470,7896,7897,8051,8231,8232,8233,8253,8281,8282,8306,8356,8408,8623,8637,8664,8685,8694,8697,8733,8741,8745,8751,8779,8780,8786,8800,8934,9005"
otp,1,2444
6man,51,"5172,5453,5722,5871,5942,5952,6106,6164,6434,6436,6437,6438,6547,6553,6554,6564,6724,6788,6874,6935,6936,6946,6957,6980,7045,7048,7078,7112,7136,7217,7346,7371,7421,7527,7559,7721,7739,8021,8028,8064,8096,8106,8200,8201,8319,8425,8504,8754,8781,8883,8981"
rmonmib,5,"1757,2021,2819,4502,4712"
shim6,4,"5533,5534,5535,6316"
ppsp,3,"6972,7574,7846"
webpush,3,"8030,8291,8292"
conex,5,"6789,7713,7778,7786,7837"
bfcpbis,4,"8124,8855,8856,8857"
dprive,7,"7626,7830,7858,8094,8310,8467,8932"
mip4,18,"4093,4433,4721,4857,4881,4917,4988,5030,5177,5265,5266,5454,5944,6098,6245,6521,6626,7629"
tcpimpl,1,2398
sasl,4,"4422,4752,5801,5802"
httpauth,7,"7486,7616,7617,7804,8053,8120,8121"
netconf,27,"4741,4742,4743,4744,5277,5539,5717,6022,6241,6242,6243,6470,6536,7589,7895,8040,8071,8072,8341,8525,8526,8527,8572,8639,8640,8641,8650"
wts,1,2660
grow,24,"4085,4632,4786,6198,6382,6396,6397,6441,6752,6769,6774,7682,7789,7854,7908,7948,7999,8050,8195,8212,8326,8327,8642,8671"
ipsp,2,"3585,3586"
isn,2,"1578,1941"
ippm,41,"3763,4737,5136,5357,5388,5481,5560,5618,5644,5835,5938,6038,6049,6248,6349,6534,6576,6673,6703,6802,6808,7290,7312,7398,7497,7679,7680,7717,7718,7750,7799,7820,8186,8250,8321,8337,8468,8545,8762,8889,8972"
sidrops,8,"8481,8488,8608,8630,8634,8635,8893,8897"
ipp,2,"2566,2911"
grip,3,"2350,3013,3227"
dccp,10,"4828,5238,5348,5595,5596,5622,5634,5762,6323,6773"
quic,4,"8999,9000,9001,9002"
mixer,1,2157
atompub,1,5023
l2tpext,9,"3193,3817,3931,4719,4951,5611,5641,7886,8159"
pcn,8,"5559,5670,5696,6627,6660,6661,6662,6663"
lwig,5,"7228,7815,8352,8387,9006"
taps,5,"8095,8303,8304,8922,8923"
snmpsec,6,"1351,1352,1353,1445,1446,1447"
capport,3,"8908,8910,8952"
avtcore,29,"6263,6284,6354,6562,6642,6679,6792,6904,7007,7022,7164,7201,7202,7272,7273,7667,7714,7983,8035,8083,8108,8269,8285,8759,8817,8860,8861,8872,8888"
netmod,30,"6020,6021,6087,6110,6244,6643,6991,7223,7224,7277,7317,7407,7950,7951,7952,8022,8199,8340,8342,8343,8344,8348,8349,8407,8519,8528,8791,8792,8808,8819"
nemo,6,"4885,4886,4887,4888,4889,4980"
nea,6,"5209,5792,5793,6813,6876,7171"
nfsv4,38,"2623,3530,5403,5531,5532,5661,5662,5663,5664,5665,5666,5667,5716,6641,6688,7204,7530,7531,7532,7533,7569,7861,7862,7863,7931,8000,8154,8166,8167,8178,8267,8275,8276,8434,8435,8587,8797,8881"
cdi,1,3570
behave,24,"4787,5128,5135,5382,5389,5508,5597,5766,5769,5780,5928,6052,6062,6144,6145,6146,6147,6156,6384,6535,6888,6889,7050,7051"
dart,1,7657
pals,19,"7708,7727,7769,7771,7795,7796,7885,7893,7965,8024,8077,8104,8184,8185,8220,8237,8338,8339,8469"
emu,7,"5216,5433,6677,6678,7029,7170,8940"
dots,6,"8612,8782,8783,8811,8903,8973"
sipping,35,"3324,3372,3398,3666,3725,4083,4189,4235,4484,4497,4579,4730,5039,5057,5118,5194,5359,5361,5362,5363,5364,5369,5370,5390,5407,5628,5629,5850,5853,5876,5897,6035,6080,6157,6795"
justfont,1,8081
iptel,7,"2824,2871,4694,4759,4904,5140,5341"
schema,1,2927
lmap,4,"7536,7594,8193,8194"
ipsra,2,"3456,3457"
perc,3,"8723,8870,8871"
sfc,7,"7498,7665,8300,8393,8459,8924,8979"
l3sm,1,8049
nir,1,1689
fax,2,"4160,4161"
calext,4,"7529,7953,7986,8607"
ips,14,"3347,3720,3721,3722,3723,3822,4018,4171,4172,4850,4939,5046,5047,5048"
idmr,1,1949
clue,8,"7205,7262,8845,8846,8847,8848,8849,8850"
charmib,3,"1658,1659,1660"
speechsc,2,"4313,6787"
capwap,7,"4564,5415,5416,5417,5418,5833,5834"
insipid,4,"7206,7989,8123,8497"
precis,8,"6885,7564,7613,7700,7790,8264,8265,8266"
rreq,2,"1716,1812"
cuss,3,"6567,7433,7434"
pmol,2,"6076,6390"
edi,1,1865
sacm,3,"7632,8248,8412"
payload,17,"6190,6262,6295,6416,6469,6597,6884,7310,7587,7655,7741,7798,8088,8130,8331,8450,8627"
tip,2,"2371,2372"
ospf,48,"1245,1247,2096,2178,2328,2740,4750,4915,4940,4970,5185,5187,5250,5329,5340,5449,5613,5614,5642,5643,5709,5786,5820,5838,6506,6549,6845,6860,6969,6987,6992,7038,7137,7166,7471,7474,7503,7684,7770,7777,7884,7949,8042,8099,8362,8379,8665,9013"
rserpool,7,"5351,5352,5353,5354,5355,5356,5525"
hokey,9,"5169,5295,5296,5749,5836,6440,6630,6696,6697"
ipseckey,1,4025
manet,36,"3561,3626,3684,4728,5148,5444,5497,5498,6130,6621,6622,6779,7181,7182,7183,7184,7185,7186,7187,7188,7367,7466,7631,7722,7779,7859,7939,7985,8116,8175,8218,8245,8629,8651,8703,8757"
avtext,13,"6332,6464,6465,6659,6828,7160,7198,7656,7728,7941,8082,8286,8852"
netvc,1,8761
cose,3,"8152,8778,8812"
geopriv,28,"3693,3694,4676,4745,4776,5139,5491,5580,5606,5687,5774,5808,5870,5985,5986,6155,6225,6280,6447,6753,6772,6848,6915,7035,7105,7199,7216,7459"
syslog,7,"3164,5424,5425,5426,5427,5848,6012"
pem,6,"1421,1422,1423,1424,1847,1848"
decade,2,"6392,6646"
stir,10,"7340,7375,8224,8225,8226,8443,8588,8816,8946,9027"
eap,3,"3748,5113,5247"
822ext,1,2046
enum,20,"3761,4355,4725,4769,4969,4979,5028,5067,5076,5105,5278,5333,5346,5483,5526,5527,6116,6117,6118,6315"
psamp,4,"5474,5475,5476,5477"
dane,8,"6394,6698,7218,7671,7672,7673,7929,8162"
aaa,8,"2975,3127,3588,4004,4005,4006,4072,4740"
rtgwg,26,"5082,5286,5714,5715,6571,6976,6981,7226,7431,7490,7811,7812,7916,7938,8102,8177,8294,8333,8347,8405,8518,8529,8530,8541,8678,8695"
opes,11,"3752,3835,3836,3837,3838,3897,3914,4037,4236,4496,4902"
csi,5,"5909,6273,6494,6495,6496"
jcardcal,2,"7095,7265"
secevent,3,"8417,8935,8936"
ipngwg,5,"1970,2461,2529,2874,3041"
nasreq,2,"2058,3169"
spki,2,"2692,2693"
6lowpan,6,"4919,4944,6282,6568,6606,6775"
homenet,5,"7368,7695,7787,7788,8375"
dns,2,"1611,1612"
dnssec,8,"2065,2535,2536,2537,2538,2539,2540,2541"
hip,25,"4423,5201,5202,5203,5204,5205,5206,5338,5770,6028,6078,6079,6253,6261,6317,7086,7343,7401,7402,8002,8003,8004,8005,8046,8047"
tls,46,"2246,2818,3268,3546,4346,4366,4492,4785,5054,5081,5246,5288,5289,5469,5487,5489,5705,5746,6066,6176,6347,6520,6961,7250,7301,7366,7465,7507,7568,7627,7685,7905,7918,7919,7924,8422,8442,8446,8447,8448,8449,8701,8744,8773,8879,8996"
paws,2,"6953,7545"
asid,1,2247
ace,3,"7744,8392,8747"
dhc,65,"2131,3046,3256,3315,3495,3527,3633,3634,3993,4014,4030,4243,4578,4649,4702,4703,4833,4994,5007,5010,5071,5107,5192,5460,5970,6148,6221,6355,6422,6603,6607,6644,6656,6704,6842,6853,6925,6926,6939,6977,7031,7037,7083,7227,7283,7341,7550,7618,7653,7724,7819,7824,7839,7844,7969,8156,8168,8213,8357,8415,8539,8925,8947,8948,8987"
forces,14,"3549,3746,5810,5811,5812,5813,6041,6053,6956,6984,7121,7391,7408,7409"
pwe3,40,"4447,4717,4720,4816,4842,4863,5003,5085,5086,5087,5254,5287,5542,5601,5602,5603,5604,5605,5659,5885,5994,6073,6240,6307,6310,6391,6423,6478,6658,6667,6718,6723,6870,7023,7079,7189,7267,7275,7338,7392"
drums,1,2821
16ng,5,"4968,5121,5154,5692,5948"
rohc,12,"3320,4815,4896,4995,4996,4997,5049,5225,5795,5856,5857,5858"
qresync,1,7162
yam,2,"6152,6409"
telnet,4,"1408,1409,1412,1572"
apex,1,3340
midcom,6,"3303,3304,3989,4097,5189,5190"
keyprov,3,"6030,6031,6063"
rdbmsmib,1,1697
l1vpn,6,"4847,5195,5251,5252,5253,5523"
l3vpn,23,"3809,4031,4110,4111,4364,4365,4684,4797,4834,5668,5701,5824,6368,6513,6514,6515,6516,6517,6565,6625,7024,7246,7385"
dna,3,"4135,4957,6059"
tram,9,"7350,7376,7443,7635,7982,8016,8155,8489,8656"
vpim,3,"3803,3804,4238"
secsh,5,"4251,4252,4255,4716,4819"
send,3,"3756,3971,3972"
bgmp,1,3913
frnetmib,1,1596
atommib,2,"1595,1695"
tsvwg,60,"2861,2883,3168,3448,4594,4774,4782,4804,4820,4860,4895,4898,4923,4960,5033,5061,5062,5097,5127,5129,5284,5405,5865,5945,5946,6016,6040,6056,6083,6096,6335,6401,6411,6458,6525,6633,6951,7053,7141,7417,7496,7605,7829,7857,8084,8085,8086,8100,8260,8261,8311,8325,8436,8540,8622,8680,8681,8682,8837,8899"
i2nsf,2,"8192,8329"
lemonade,17,"4416,4468,4550,4978,5032,5092,5162,5259,5383,5423,5442,5465,5466,5524,5550,5551,5616"
teas,27,"7551,7570,7571,7709,7823,7898,7926,8001,8131,8149,8258,8271,8283,8359,8370,8390,8400,8413,8424,8426,8453,8454,8537,8735,8776,8795,8821"
rtcweb,15,"7478,7675,7742,7874,7875,8825,8826,8827,8828,8831,8832,8833,8834,8835,8854"
sacred,3,"3157,3760,3767"
idnabis,5,"5890,5891,5892,5893,5894"
fecframe,10,"6015,6363,6364,6681,6682,6683,6695,6801,6816,6865"
stdguide,1,2360
webdav,3,"2518,4437,4918"
mptcp,8,"6181,6182,6356,6824,6897,7430,8041,8684"
pim,25,"5015,5059,5060,5240,5294,5384,5496,5796,6166,6226,6395,6420,6559,6754,6807,7063,7761,7887,7891,8059,8364,8652,8736,8775,8916"
isms,7,"5590,5591,5592,5608,5953,6065,6353"
trill,42,"5556,6325,6327,6439,6850,6905,7067,7172,7173,7174,7175,7177,7178,7179,7180,7357,7379,7455,7456,7780,7781,7782,7783,7784,7956,7961,7968,7978,8139,8171,8243,8249,8302,8361,8377,8380,8381,8383,8384,8385,8397,8564"
spwg,1,1281
pana,4,"4016,5191,5193,5609"
mmusic,53,"2326,2327,2543,2974,3108,3890,4566,4572,4583,4756,4796,5027,5245,5432,5547,5576,5583,5888,5898,5939,5956,6236,6336,6544,6849,6871,7006,7104,7195,7197,7261,7345,7362,7604,7825,7826,7850,8122,8830,8839,8840,8841,8842,8843,8844,8851,8853,8858,8859,8864,8865,8866,8873"
straw,6,"7092,7332,7403,7584,7879,8079"
idr,46,"1164,4360,4724,4760,4798,4893,5004,5065,5291,5292,5396,5398,5492,5575,6286,6472,6608,6793,6938,6996,7153,7196,7300,7311,7313,7606,7607,7674,7705,7752,7911,7947,7964,8092,8093,8203,8538,8571,8654,8669,8810,8814,8955,8956,9003,9012"
suit,1,9019
imapmove,1,6851
dmm,9,"7333,7429,8127,8191,8278,8371,8653,8818,8885"
ldup,1,3384
jmap,4,"8620,8621,8887,9007"
l2sm,1,8466
codec,6,"6366,6569,6716,7845,8251,8486"
geojson,2,"7946,8142"
malloc,1,2909
abfab,6,"7055,7056,7057,7831,7832,7833"
ltans,5,"4810,4998,5276,5698,6283"
rap,11,"2749,2750,2751,2752,2753,2872,3181,3182,3520,3521,4261"
lpwan,3,"8376,8724,9011"
regext,17,"8056,8063,8334,8495,8521,8543,8544,8590,8748,8807,8909,8977,8982,9022,9038,9082,9083"
curdle,15,"8080,8103,8268,8270,8308,8332,8410,8411,8418,8419,8429,8709,8731,8732,8758"
martini,2,"5947,6140"
lamps,16,"8398,8399,8550,8551,8649,8659,8692,8696,8702,8708,8813,8933,8951,8954,9044,9045"
dcrup,2,"8301,8463"
trade,4,"2801,3506,4153,4154"
issll,3,"2816,2996,2998"
osids,1,1430
usefor,2,"5536,5537"
ipdvb,4,"4259,4947,5163,5458"
modern,1,8396
tcpm,38,"4953,4987,5461,5482,5562,5681,5682,5827,5925,5926,5927,5961,6069,6093,6191,6247,6298,6429,6528,6582,6675,6691,6928,6937,6994,7323,7413,7414,7560,7661,7765,7805,8257,8312,8511,8803,8961,8985"
sidr,41,"6480,6481,6482,6483,6484,6485,6486,6487,6488,6489,6490,6491,6492,6493,6810,6811,6907,6916,6945,7115,7128,7132,7318,7353,7382,7730,7909,7935,8097,8181,8182,8183,8205,8206,8207,8208,8209,8210,8211,8360,8416"
ion,8,"2332,2334,2427,2443,2520,2583,2684,2735"
ipv6,13,"3697,3769,4191,4389,4429,4620,4861,4862,4941,5072,5075,5095,5175"
nimrod,1,1992
drinks,3,"6461,7877,7878"
madman,3,"1565,1566,1567"
krb-wg,18,"4120,4556,4557,5021,5349,5868,6111,6112,6113,6251,6448,6542,6560,6649,6784,6803,6806,6880"
git,2,"8874,8875"
ipoib,1,4755
uta,9,"7457,7525,7590,7817,8314,8460,8461,8689,8997"
ipsec,11,"1825,1826,1827,2401,2408,2409,2412,2451,3715,4301,4306"
dmarc,4,"7960,8601,8616,8617"
lisp,18,"6830,6831,6832,6833,6834,6835,6836,7052,7215,7834,7835,7954,7955,8060,8061,8111,8113,8378"
httpbis,30,"6266,7230,7231,7232,7233,7234,7235,7236,7237,7538,7540,7541,7615,7639,7694,7725,7838,8164,8187,8188,8246,8297,8336,8441,8470,8586,8673,8740,8941,8942"
ifmib,6,"1573,1623,1650,1694,1743,1749"
mboned,17,"2588,3170,3956,4609,5110,5132,5771,5790,6034,6308,6450,6676,7450,8313,8487,8777,8815"
savi,6,"6620,6959,7039,7219,7513,8074"
isis,40,"4971,5029,5120,5130,5301,5302,5303,5304,5305,5306,5307,5308,5309,5310,5311,6119,6165,6213,6232,6233,6326,6329,6822,6823,7142,7176,7356,7370,7602,7775,7794,7810,7813,7883,7917,7981,7987,8196,8202,8668"
calsify,3,"5545,5546,6047"
spfbis,2,"6686,7208"
